State,City,Location,Station code,Type,Numbers of  monitoring days (n),Minimum,Maximum,Sulfur Dioxide(SO2)-  Annual average (µg/m3),10 percentile,50 percentile,90 percentile,Standard Deviation,Percentage- exceedence(24 hourly),Air Quality
Andhra Pradesh,Chitoor,GNC Toll Gate Tirumala,582,RIRuO,93,4,4,4,4,4,4,Null,0,Low
Andhra Pradesh,Guntur,"Near Hindu College, Market Road",583,RIRuO,102,2,2,2,2,2,2,Null,0,Low
Andhra Pradesh,Hydrabad,"Tarnaka, NEERI Lab.",150,RIRuO,94,2,8,4,2,4,7,2,0,Low
Andhra Pradesh,Hydrabad,"Nacharam, Industrial Estate",151,RIRuO,88,2,7,4,2,3,6,1,0,Low
Andhra Pradesh,Hydrabad,ABIDS Circle General Post Office Building,152,RIRuO,92,3,11,7,4,7,9,2,0,Low
Andhra Pradesh,Hydrabad,Balanagar,95,RIRuO,108,4,6,5,5,5,5,Null,0,Low
Andhra Pradesh,Hydrabad,"Uppal, IDA",203,RIRuO,108,4,6,5,5,5,5,Null,0,Low
Andhra Pradesh,Hydrabad,Jublee Hills,365,RIRuO,108,4,5,4,4,4,5,Null,0,Low
Andhra Pradesh,Hydrabad,Paradise,393,RIRuO,108,4,6,5,5,5,5,Null,0,Low
Andhra Pradesh,Hydrabad,Charminar,394,RIRuO,108,4,6,5,5,5,5,Null,0,Low
Andhra Pradesh,Hydrabad,Zoo Park,470,RIRuO,107,4,5,4,4,4,5,Null,0,Low
Andhra Pradesh,Kothagudem,"CER Club, Khamam",581,RIRuO,103,2,2,2,2,2,2,Null,0,Low
Andhra Pradesh,Kurnool,Mourya Inn,466,RIRuO,118,4,4,4,4,4,4,Null,0,Low
Andhra Pradesh,Nalgonda,"RO, APPCB",577,RIRuO,108,4,5,5,4,5,5,Null,0,Low
Andhra Pradesh,Nellore,Kamakhya Temple,580,RIRuO,94,2,2,2,2,2,2,Null,0,Low
Andhra Pradesh,Patencheru,"Police Station, Ramachadrapuram",468,RIRuO,98,7,17,11,9,11,15,2,0,Low
Andhra Pradesh,Ramagundam,Karimnagar Godavarikhani,465,RIRuO,98,2,13,4,2,3,9,3,0,Low
Andhra Pradesh,Tirupati,"Regional Science Centre, Chittoor BypassRoad",389,RIRuO,104,4,4,4,4,4,4,Null,0,Low
Andhra Pradesh,Vijaywada,Benz Circle,462,RIRuO,113,2,7,4,3,4,6,1,0,Low
Andhra Pradesh,Vijaywada,Autonagar,469,RIRuO,113,3,15,7,3,6,13,4,0,Low
Andhra Pradesh,Warangal,"KUDA Office, Hanumakonda",579,RIRuO,102,2,18,4,2,2,7,3,0,Low
Andhra Pradesh,Vishakhapatnam,"Panchayat Raj office, Mindi",234,RIRuO,108,4,127,9,4,6,13,14,1,Low
Andhra Pradesh,Vishakhapatnam,"Industrial Estate, Marripalem",233,RIRuO,108,4,24,5,4,4,8,3,0,Low
Andhra Pradesh,Vishakhapatnam,Police Barracks,371,RIRuO,108,4,17,7,4,7,10,3,0,Low
Andhra Pradesh,Vishakhapatnam,"INS-Virabahu, Naval Area",387,RIRuO,108,4,27,6,4,5,10,3,0,Low
Andhra Pradesh,Vishakhapatnam,Seethammadhara,388,RIRuO,107,4,18,6,4,5,8,2,0,Low
Andhra Pradesh,Vishakhapatnam,Ganapuram Area,467,RIRuO,108,4,61,10,4,10,15,8,0,Low
Andhra Pradesh,Vishakhapatnam,"Pedagantyada, Gajuwada",584,RIRuO,117,4,15,5,4,4,7,2,0,Low
Andhra Pradesh,Vishakhapatnam,"CWMP, RAMKY, Parawada",585,RIRuO,108,4,16,4,4,4,5,1,0,Low
Assam,Bongaigaon,Oil India Ltd. Chirang,542,RIRuO,104,3,10,6,5,6,8,1,0,Low
Assam,Bongaigaon,Barpara Office Building,520,RIRuO,104,3,10,7,5,7,8,1,0,Low
Assam,Daranga,"BATAD, Baska",566,RIRuO,92,3,10,5,4,6,7,1,0,Low
Assam,Dibrugarh,Dibrugarh Office Building,538,RIRuO,103,4,10,6,5,6,8,1,0,Low
Assam,Golaghat,Golaghat Office Building,539,ES (Numaligarh),82,3,8,6,4,6,8,1,0,Low
Assam,Guwahati,"Head Office, Bamunimaidam",193,RIRuO,254,3,11,7,5,7,9,1,0,Low
Assam,Guwahati,"Boragaon, office premises of IASST, Kamrup",603,RIRuO,33,3,11,6,5,6,7,1,0,Null
Assam,Guwahati,"Guwahati University, Kamrup",602,RIRuO,82,3,8,6,5,6,7,1,0,Low
Assam,Guwahati,"ITI Building, Gopinath Nagar",519,RIRuO,280,4,15,9,8,9,11,2,0,Low
Assam,Guwahati,"Central Dairy, Khanapara, Kamrup",596,RIRuO,106,4,10,6,6,6,7,1,0,Low
Assam,Guwahati,"Near Pragjyotish College, Santipur",541,RIRuO,264,5,13,7,5,7,9,1,0,Low
Assam,Lakhimpur,"Bazar Patti, North Lakhimpur",587,RIRuO,102,4,10,6,5,6,8,1,0,Low
Assam,Nagaon,"Water Resources Div., Christian Patty",595,RIRuO,103,3,9,6,4,6,8,1,0,Low
Assam,Nalbari,"PWD Rural Div Office Complex,",597,RIRuO,82,2,19,7,5,7,9,2,0,Low
Assam,Sibsagar,Sibasagar Office Building,537,RIRuO,108,3,8,6,4,6,8,1,0,Low
Assam,Sibsagar,"Usha Lodge, near ONGCL Colony",604,RIRuO,24,4,8,6,5,6,8,1,0,Null
Assam,Silchar,Janiganj Govt. Boys HS School,607,RIRuO,11,5,7,6,5,6,7,1,0,Null
Assam,Silchar,"Office Building of RLO, Ithkola Market",567,RIRuO,92,2,11,7,5,7,9,1,0,Low
Assam,Tezpur,Tezpur Office Building,536,RIRuO,104,4,8,6,5,6,7,1,0,Low
Assam,Tinsukia,"Digboi Carbon factory Campus, Borguri",594,RIRuO,99,4,15,5,5,6,8,2,0,Low
Assam,Tinsukia,"Coal India Office Complex, Margherita",586,RIRuO,97,7,29,10,8,10,12,3,0,Low
Assam,Tinsukia,"Shreepuria, Borguri",605,RIRuO,43,5,9,6,5,6,7,1,0,Null
Bihar,Patna,"Beltron Bhawan, Shastri Nagar",210,RIRuO,80,2,10,5,3,5,7,2,0,Low
Bihar,Patna,Gandhi Maidan Test Centre,284,RIRuO,46,4,28,9,4,7,18,6,0,Null
Chandigarh,Chandigarh,"Modern Foods, Industrial Area",106,RIRuO,149,2,2,2,2,2,2,Null,0,Low
Chandigarh,Chandigarh,Sector-17 C,263,RIRuO,150,2,2,2,2,2,2,Null,0,Low
Chandigarh,Chandigarh,"Punjab Engineering College, Sector 12",264,RIRuO,153,2,2,2,2,2,2,Null,0,Low
Chandigarh,Chandigarh,"Sector-39, IMTECH",463,RIRuO,150,2,2,2,2,2,2,Null,0,Low
Chandigarh,Chandigarh,Kaimbwala Village,464,RIRuO,145,2,6,2,2,2,2,Null,0,Low
Chattisgarh,Bhillai,"Visak Hostel, Sector-4",65,RIRuO,91,8,12,10,9,10,12,1,0,Low
Chattisgarh,Bhillai,"R.O., 5/32 Banglow Office Building",67,RIRuO,89,3,7,5,4,5,6,1,0,Low
Chattisgarh,Bhillai,M.P. Laghu Udyog Nigam,245,RIRuO,87,9,14,12,10,12,14,1,0,Low
Chattisgarh,Bilaspur,"RO, CECB Vyapar Vihar",,RIRuO,35,4,14,8,5,8,10,2,0,Null
Chattisgarh,Korba,"HIG 21,22.Near Ghantaghar,",364,RIRuO,94,12,14,13,12,13,14,1,0,Low
Chattisgarh,Korba,Pragati Nagar NTPC Colony,249,RIRuO,97,10,13,13,12,13,13,Null,0,Low
Chattisgarh,Korba,"I.T.I., Rampur",407,RIRuO,95,11,15,13,12,13,14,1,0,Low
Chattisgarh,Raipur,"New HIG-9, Hirapur",368,RIRuO,41,11,17,14,11,14,15,2,0,Null
Chattisgarh,Raipur,"M/S Wool Worth India, Sarora Raipur",223,RIRuO,46,13,21,16,14,16,19,2,0,Null
Chattisgarh,Raipur,"Yatayat Thana, Jai Stambh Chowk",447,RIRuO,44,8,17,14,12,14,16,2,0,Null
Dadra and Nagar Haveli,Silvassa,"Khadoli Industrial Area, Village- Khadoli",558,RIRuO,94,7,8,7,7,7,8,Null,0,Low
Daman and Diu,Daman,"Kadaiya Industrial Area, Village- Kadaiya",560,RIRuO,96,7,8,7,7,7,8,Null,0,Low
Delhi,Delhi,"N.Y. School, Sarojini Nagar",144,RIRuO,96,2,18,4,2,3,9,3,0,Low
Delhi,Delhi,"Town Hall, Chandni Chowk",146,RIRuO,96,2,23,7,2,5,14,5,0,Low
Delhi,Delhi,Mayapuri Industrial Area,345,RIRuO,96,2,28,10,3,9,19,7,0,Low
Delhi,Delhi,Pritampura,531,RIRuO,81,4,6,4,4,4,5,Null,0,Low
Delhi,Delhi,Shahadra,58,RIRuO,80,4,9,5,4,4,5,1,0,Low
Delhi,Delhi,Shahzada Bagh,57,RIRuO,79,4,10,5,4,5,6,1,0,Low
Delhi,Delhi,Nizamuddin,55,RIRuO,80,4,5,4,4,4,5,Null,0,Low
Delhi,Delhi,Janakpuri,59,RIRuO,76,4,9,5,4,5,5,1,0,Low
Delhi,Delhi,Siri Fort,60,RIRuO,80,4,6,4,4,4,5,Null,0,Low
Goa,Panaji,"Old GSPCB premises, Patto",327,RIRuO,105,2,35,4,2,2,10,5,0,Low
Goa,Marmagao,"Fire Brigade Station, Port Trust",435,RIRuO,118,7,253,32,12,15,67,35,6,Moderate
Goa,Vasco,"Fuse Call Office of Elec. Dept., Mormugao",37,RIRuO,103,2,45,6,2,2,12,7,0,Low
Goa,Curchorem,"Curchorem, Sanvordem, Quepem",628,RIRuO,19,5,76,32,6,19,66,25,0,Null
Goa,Codli,"Codli Tisk, Ponda",630,RIRuO,6,8,12,10,8,10,11,2,0,Null
Goa,Honda,"Honda Junction, Sattari",631,ES (Sahyadri),8,6,11,8,7,8,10,2,0,Null
Goa,Bicholim,Bicholim,632,RIRuO,11,7,10,9,7,9,10,1,0,Null
Goa,Amona,"Amona, Bicholim",633,RIRuO,16,4,9,6,5,6,9,2,0,Null
Goa,Assanora,"Assanora Junction, Bardez",634,RIRuO,8,4,7,5,4,5,7,1,0,Null
Goa,Usgao,"Usgao Plae, Junction, Ponda",629,RIRuO,10,2,10,6,3,5,9,3,0,Null
Gujarat,Ahmedabad,"Naroda, G.I.D.C., Ahmadabad",101,RIRuO,104,12,23,20,18,20,22,2,0,Low
Gujarat,Ahmedabad,Cadilla Bridge Narol,102,RIRuO,103,11,21,16,12,16,20,3,0,Low
Gujarat,Ahmedabad,L.D. Engg. College,103,RIRuO,104,8,17,12,10,12,14,2,0,Low
Gujarat,Ahmedabad,"Shardaben Hospital, Saraspur",154,RIRuO,103,10,18,14,11,14,17,2,0,Low
Gujarat,Ahmedabad,"R.C. High School, Mirzapur",155,RIRuO,104,10,21,15,13,15,18,2,0,Low
Gujarat,Ahmedabad,"Naroda, G.I.D.C.,",347,RIRuO,104,9,19,15,13,15,18,2,0,Low
Gujarat,Anklesvar,Rallis India Ltd.,252,RIRuO,104,12,24,18,14,18,23,4,0,Low
Gujarat,Anklesvar,"Durga Traders, Bhavanafarm Society",253,RIRuO,104,10,19,15,12,14,18,3,0,Low
Gujarat,Jamnagar,Fisheries Office,319,RIRuO,104,9,26,12,10,12,15,2,0,Low
Gujarat,Rajkot,Sardhara Industrial Corporation,257,RIRuO,104,8,19,13,12,13,15,2,0,Low
Gujarat,Rajkot,Regional Offce,374,RIRuO,104,9,23,12,10,12,13,2,0,Low
Gujarat,Surat,S.V.R. Engg. College,21,RIRuO,104,9,17,13,11,13,16,2,0,Low
Gujarat,Surat,"B.R.C. High School, Udhna",22,RIRuO,114,13,27,20,15,20,24,3,0,Low
Gujarat,Surat,Air India Office,23,RIRuO,104,12,40,16,13,16,18,3,0,Low
Gujarat,Vadodara,"GPCB Office, Geri Vasahat",50,RIRuO,96,8,17,11,8,10,13,2,0,Low
Gujarat,Vadodara,Dandia Bazaar,333,RIRuO,96,12,26,16,13,15,21,3,0,Low
Gujarat,Vadodara,CETP Nandesari,334,RIRuO,96,17,31,23,20,23,26,3,0,Low
Gujarat,Vapi,"GEB, IIIrd Phase, GIDC, Vapi",367,RIRuO,104,11,49,17,13,17,19,6,0,Low
Gujarat,Vapi,"Vapi Nagar Palika, Vapi",221,RIRuO,104,10,17,14,12,14,17,2,0,Low
Haryana,Faridabad,Escorts Research Centre Mathura Road,331,RIRuO,145,7,32,17,12,16,23,4,0,Low
Haryana,Faridabad,RO Haryana SPCB,330,RIRuO,96,10,29,18,14,17,26,5,0,Low
Haryana,Hissar,Urban Estate - II,390,RIRuO,27,5,11,8,7,8,9,1,0,Null
Haryana,Hissar,Guru Jambehswar University,414,RIRuO,52,2,18,7,2,6,16,4,0,Low
Haryana,Yamunanagar,Ballarpur Industries,196,RIRuO,52,7,19,12,9,12,16,3,0,Low
Himachal Pradesh,Baddi,Industry Department Office Building,449,RIRuO,93,0,7,3,2,3,5,1,0,Low
Himachal Pradesh,Baddi,AHC barotiwala,564,RIRuO,77,1,9,3,2,3,5,1,0,Low
Himachal Pradesh,Baddi,Housing Board,563,RIRuO,10,2,2,2,2,2,2,Null,0,Null
Himachal Pradesh,Damtal,Regional Office,268,RIRuO,147,2,2,2,2,2,2,Null,0,Low
Himachal Pradesh,Damtal,Old Road,271,RIRuO,113,2,2,2,2,2,2,Null,0,Low
Himachal Pradesh,Kala Amb,Kala Amb Industrial Area,461,RIRuO,156,2,10,4,2,4,6,2,0,Low
Himachal Pradesh,Kala Amb,Trilokpur,530,RIRuO,155,2,5,2,2,2,3,Null,0,Low
Himachal Pradesh,Nalagarh,Municipal Council,565,RIRuO,66,1,8,3,2,3,4,1,0,Low
Himachal Pradesh,Parwanoo,"Regional Office, Sector- 4",132,RIRuO,147,2,5,3,2,2,3,1,0,Low
Himachal Pradesh,Parwanoo,"Asst. Commissioner Building, Sector I",339,RIRuO,134,2,6,3,2,3,4,1,0,Low
Himachal Pradesh,Paonta Sahib,Paonta Sahib,117,RIRuO,136,2,4,2,2,2,3,Null,0,Low
Himachal Pradesh,Paonta Sahib,Gondhpur Industrial Area,118,RIRuO,107,2,5,3,2,3,4,1,0,Low
Himachal Pradesh,Shimla,Tekka Bench Ridge,34,ES (Hill station),140,2,6,3,2,2,4,1,0,Low
Himachal Pradesh,Shimla,"Bus Stand, Winterfield",35,ES (Hill station),114,2,8,4,2,3,6,1,0,Low
Jammu and Kashmir,Jammu,"Regional Office, Jammu",184,RIRuO,88,2,9,5,3,4,7,2,0,Low
Jammu and Kashmir,Jammu,"M.A. Stadium, Jewel Chowk, Jammu",482,RIRuO,89,2,15,6,4,6,9,2,0,Low
Jammu and Kashmir,Jammu,"Bari Brahamana Industrial Area, Jammu",507,RIRuO,49,3,19,10,6,9,16,4,0,Null
Jharkhand,Dhanbad,"EMTI, Bastacola",612,RIRuO,67,12,36,16,13,15,18,3,0,Low
Jharkhand,Dhanbad,"CGM Office, Kusunda",611,RIRuO,77,12,36,16,13,14,20,4,0,Low
Jharkhand,Dhanbad,R.O. Dhanbad,44,RIRuO,75,10,31,14,11,13,18,4,0,Low
Jharkhand,Jamshedpur,Bistupur Vehical Testing Centre,351,RIRuO,89,30,41,36,33,36,38,Null,0,Moderate
Jharkhand,Jamshedpur,Golmuri Vehicle Testing Centre,382,RIRuO,91,23,42,35,33,35,38,3,0,Moderate
Jharkhand,Jharia,M.A.D.A.,332,RIRuO,68,13,36,17,14,17,20,3,0,Low
Jharkhand,Ranchi,"Albert Ekka Chowk, Main Road",402,RIRuO,111,16,31,19,17,19,23,3,0,Low
Jharkhand,Saraikela Khar- sawan,"RO Building, Adityapur",614,RIRuO,86,28,41,35,31,35,39,3,0,Moderate
Jharkhand,Sindri,BIT / PDIL,46,RIRuO,33,11,24,16,12,15,21,3,0,Null
Jharkhand,West Singhbhum,Barajamda U.M. Office,615,RIRuO,84,15,36,21,18,20,24,3,0,Low
Karnataka,Bangalore,Graphite India,77,RIRuO,59,10,20,15,12,16,18,2,0,Low
Karnataka,Bangalore,Yeshwanthpura police station,457,RIRuO,100,9,20,16,13,17,19,2,0,Low
Karnataka,Bangalore,Peenya Industrial Area,405,RIRuO,99,6,40,16,13,15,17,4,0,Low
Karnataka,Bangalore,"KHB Industrial Area, Yelahanka",404,RIRuO,107,9,18,14,12,15,16,2,0,Low
Karnataka,Bangalore,"AMCO Batteries, Mysore Road",78,RIRuO,100,7,19,14,12,14,15,2,0,Low
Karnataka,Bangalore,"Jnanabharathi , Bangalore University",598,RIRuO,104,2,24,6,2,5,7,5,0,Low
Karnataka,Bangalore,R V College of Engineering,589,RIRuO,22,2,14,7,4,6,10,2,0,Null
Karnataka,Bangalore,"TERI office, Vital Medi healthcare Pvt.Ltd",,RIRuO,15,26,32,28,26,28,31,2,0,Null
Karnataka,Bangalore,Victoria hospital,406,RIRuO,29,6,14,11,7,12,13,2,0,Null
Karnataka,Belgaum,Karnataka SPCB Office Building,460,ES (Sahyadri),83,2,2,2,2,2,2,Null,0,Low
Karnataka,Gulburga,Government Hospital,459,RIRuO,77,2,523,9,2,2,3,59,1,Low
Karnataka,Hassan,KSRTC bus stand building,458,RIRuO,84,4,6,5,4,5,6,1,0,Low
Karnataka,Hubli-Dharwad,"Lakamanahali Industrial Area, Dharwad",432,RIRuO,69,2,13,4,2,2,9,3,0,Low
Karnataka,Hubli-Dharwad,"Rani Chennamma Circle, Hubli",431,RIRuO,95,2,13,5,2,5,9,3,0,Low
Karnataka,Mangalore,"Stides Premises, Baikampady IndustrialArea",488,RIRuO,105,2,17,6,3,5,9,3,0,Low
Karnataka,Mysore,K.R.Circle,40,RIRuO,94,7,15,11,8,11,14,2,0,Low
Karnataka,Mysore,KSPCB Bldg. Hebbal Ind. Area,328,RIRuO,117,6,14,10,7,10,12,2,0,Low
Kerala,Alappuzha,"District Office, Alissery Road",618,RIRuO,120,2,2,2,2,2,2,Null,0,Low
Kerala,Alappuzha,"DC Mills, Pathirappally",617,RIRuO,120,2,2,2,2,2,2,Null,0,Low
Kerala,Kochi,Eloor I,149,RIRuO,90,2,3,2,2,2,2,Null,0,Low
Kerala,Kochi,Eloor II,29,RIRuO,91,2,3,2,2,2,2,Null,0,Low
Kerala,Kochi,Irumpanam,30,RIRuO,109,2,11,4,2,4,7,2,0,Low
Kerala,Kochi,Ernakulum South,338,RIRuO,109,2,36,4,2,3,5,4,0,Low
Kerala,Kochi,VYTTILA,562,RIRuO,108,2,16,4,2,4,8,3,0,Low
Kerala,Kochi,MG Road Bank Ernakulum,147,RIRuO,109,2,15,4,2,3,7,2,0,Low
Kerala,Kochi,Kalamassery,346,RIRuO,108,2,23,6,2,4,9,4,0,Low
Kerala,Kollam,"KSPCB, District Office, Kadappakada",621,RIRuO,117,2,3,2,2,2,2,Null,0,Low
Kerala,Kollam,KMML Chavara,620,RIRuO,56,2,12,3,2,2,6,2,0,Low
Kerala,Kottayam,Kottayam,187,RIRuO,96,6,6,6,6,6,6,Null,0,Low
Kerala,Kottayam,Vadavathoor,361,RIRuO,96,4,5,5,5,5,5,Null,0,Low
Kerala,Kozhikode,Kozhikode City,360,RIRuO,108,2,2,2,2,2,2,Null,0,Low
Kerala,Kozhikode,Nallalam,359,RIRuO,108,2,2,2,2,2,2,Null,0,Low
Kerala,Malapuram,Kakkanchery Sijmak oils,623,RIRuO,108,2,2,2,2,2,2,Null,0,Low
Kerala,Palakkad,SEPR Refractories India Ltd.,311,RIRuO,121,2,11,3,2,2,5,2,0,Low
Kerala,Pathanamthitta,"Near District Office KSPCB, Makkam-kunnu",619,RIRuO,120,2,2,2,2,2,2,Null,0,Low
Kerala,Thissur,"KSPCB, District Office, Poonkunnam",624,RIRuO,93,2,2,2,2,2,2,Null,0,Low
Kerala,Wayanad,Sulthan Bathery,622,RIRuO,119,2,3,2,2,2,2,Null,0,Low
Kerala,Trivandrum,PRS Hospital/COSMO,419,RIRuO,108,5,8,6,6,6,7,1,0,Low
Kerala,Trivandrum,SMV School,181,RIRuO,109,5,25,7,6,7,7,2,0,Low
Kerala,Trivandrum,VELI,357,RIRuO,106,6,23,16,11,16,20,3,0,Low
Kerala,Trivandrum,PETTAH,358,RIRuO,107,5,11,6,6,6,7,1,0,Low
Madhya Pradesh,Bhopal,"Hamidia Road, M.P. Hastshilp Vikas Nigam",122,RIRuO,72,2,93,10,3,8,13,12,1,Low
Madhya Pradesh,Bhopal,C E T P Govindpura,123,RIRuO,73,0,61,7,3,5,13,8,0,Low
Madhya Pradesh,Dewas,EID Perry (I) Limited,525,RIRuO,86,29,8,14,0,11,13,19,4,Low
Madhya Pradesh,Dewas,Dewas Metal Section,524,RIRuO,52,15,6,10,7,10,13,2,0,Low
Madhya Pradesh,Dewas,Vikas Nagar,523,RIRuO,79,24,7,11,8,11,15,3,0,Low
Madhya Pradesh,Gwalior,Dindayal Nagar,479,RIRuO,71,17,7,12,9,12,14,2,0,Low
Madhya Pradesh,Gwalior,Maharaj Bada,478,RIRuO,60,19,8,13,10,13,15,2,0,Low
Madhya Pradesh,Indore,Polo Ground,127,RIRuO,89,7,70,22,12,17,43,13,0,Low
Madhya Pradesh,Indore,"Kothari Market, M.G. Road",128,RIRuO,93,2,22,11,5,12,16,4,0,Low
Madhya Pradesh,Indore,"Telephone Nagar, Kanadia Road",131,RIRuO,91,0,22,8,5,8,12,3,0,Low
Madhya Pradesh,Jabalpur,Vijay Nagar,248,RIRuO,21,2,2,2,2,2,2,Null,0,Null
Madhya Pradesh,Nagda,B C I Labour Club,84,RIRuO,91,34,11,16,13,16,20,4,0,Low
Madhya Pradesh,Nagda,Grasim Kalyan Kendra,246,RIRuO,98,39,12,21,14,21,26,5,0,Low
Madhya Pradesh,Sagar,"Pt.Deendayal Nagar, Housing Board Colony",532,RIRuO,72,5,3,4,3,4,4,Null,0,Low
Madhya Pradesh,Satna,Sub-divisional Office E/M LightMachniery,343,RIRuO,80,5,2,3,2,3,4,1,0,Low
Madhya Pradesh,Satna,Regional Office MPPCB,342,RIRuO,96,4,2,3,2,2,3,1,0,Low
Madhya Pradesh,Singrauli,Jayant Township,515,RIRuO,13,21,18,19,18,19,21,1,0,Null
Madhya Pradesh,Singrauli,"N.T.P.C., Vidyanagar",514,RIRuO,19,17,14,16,14,16,17,1,0,Null
Madhya Pradesh,Singrauli,Waidhan,516,RIRuO,13,12,9,10,9,10,11,1,0,Null
Madhya Pradesh,Ujjain,District Office,527,RIRuO,71,23,12,15,13,14,15,19,3,Low
Madhya Pradesh,Ujjain,Regional Office,526,RIRuO,42,9,6,8,6,8,9,1,0,Null
Madhya Pradesh,Ujjain,Mahakal Temple,528,RIRuO,51,15,10,12,11,13,14,1,0,Low
Maharashtra,Amravati,M/s Apurva Oil and Industries Pvt. Ltd,549,RIRuO,88,9,15,12,10,12,14,2,0,Low
Maharashtra,Amravati,Govt College of Engineering,548,RIRuO,97,6,14,11,8,11,13,2,0,Low
Maharashtra,Amravati,Rajkamal Square,547,RIRuO,96,6,18,13,11,14,16,2,0,Low
Maharashtra,Aurangabad,S.B.E.S. College,511,RIRuO,110,4,13,7,5,7,9,2,0,Low
Maharashtra,Aurangabad,Collector Ofiice,512,RIRuO,108,3,10,6,4,6,8,1,0,Low
Maharashtra,Aurangabad,"C.A.D.A. Ofiice, Garkheda",513,RIRuO,97,3,19,6,5,6,8,2,0,Low
Maharashtra,Badlapur,BIWA Office,649,RIRuO,92,5,86,32,13,31,53,15,1,Moderate
Maharashtra,Chandrapur,Grampanchat Ghughus,267,RIRuO,93,5,86,30,9,23,62,20,1,Moderate
Maharashtra,Chandrapur,MIDC Chandrapur,281,RIRuO,96,6,181,38,8,24,92,36,13,Moderate
Maharashtra,Chandrapur,Nagar Parishad,396,RIRuO,97,5,95,27,6,24,53,20,2,Moderate
Maharashtra,Chandrapur,"Gadchandur Gram Panchayat, Rajura",640,RIRuO,74,4,79,20,7,15,36,14,0,Low
Maharashtra,Chandrapur,"MIDC, Tadali",638,RIRuO,62,5,48,20,7,16,38,12,0,Low
Maharashtra,Chandrapur,"Muncipal Council, Ballarshah",639,RIRuO,94,4,85,20,6,15,35,14,1,Low
Maharashtra,Jalgaon,B. J. Market,644,RIRuO,69,9,24,16,12,16,22,4,0,Low
Maharashtra,Jalgaon,Girna water tank,645,RIRuO,68,9,19,15,13,15,17,2,0,Low
Maharashtra,Jalgaon,MIDC Jalgaon,646,RIRuO,70,15,28,21,16,20,25,3,0,Low
Maharashtra,Kolhapur,"University Campus, Shivaji University,",508,ES (Sahyadri),100,7,11,9,8,9,10,1,0,Low
Maharashtra,Kolhapur,"Ruikar Trust, Dabholkar Corner, ST Stand",509,ES (Sahyadri),92,15,32,20,16,19,28,4,0,Moderate
Maharashtra,Kolhapur,"Mahadwar Road, Near Mahalaxmi Temple",510,ES (Sahyadri),102,10,24,16,13,16,20,3,0,Moderate
Maharashtra,Latur,MIDC Water Works,641,RIRuO,96,4,22,8,4,7,15,4,0,Low
Maharashtra,Latur,Terrace of Kshewraj Vidyalaya Shyamnagar,642,RIRuO,104,4,22,8,4,6,12,4,0,Low
Maharashtra,Latur,Terrace of Sidhheshwar Sahakari Bank Ganjgolai,643,RIRuO,61,4,21,7,4,7,12,3,0,Low
Maharashtra,Lote,MIDC Chalkewadi,489,RIRuO,12,24,180,74,28,60,132,46,33,Null
Maharashtra,Lote,"Pump House, CETP",490,RIRuO,18,13,136,46,21,46,65,28,6,Null
Maharashtra,Mahad,"Water treatment plant, Bhirwadi",569,RIRuO,66,9,36,19,12,18,26,6,0,Low
Maharashtra,Mahad,"EHS, M/s Privi organics Ltd",570,RIRuO,56,11,36,21,12,21,27,6,0,Low
Maharashtra,Mahad,"Mahatma Phule Hall, MNP",571,RIRuO,50,10,26,16,12,16,22,4,0,Low
Maharashtra,Mumbai,Kalbadevi,169,RIRuO,84,2,24,4,2,3,7,4,0,Low
Maharashtra,Mumbai,"Parel , Ambedkar Road",170,RIRuO,98,2,35,4,2,3,6,4,0,Low
Maharashtra,Mumbai,Worli,349,RIRuO,103,2,16,4,2,3,8,3,0,Low
Maharashtra,Nagpur,Institution of Engineers,287,RIRuO,86,8,17,11,9,9,13,2,0,Low
Maharashtra,Nagpur,"Govt. Polytechnic College, Sadar",314,RIRuO,87,7,19,11,9,11,13,2,0,Low
Maharashtra,Nagpur,MIDC Office Hingana Road,288,RIRuO,83,7,15,11,9,11,14,2,0,Low
Maharashtra,Nagpur,"MIDC Industrial Area, MIDC Office, Hingna",165,RIRuO,81,2,48,6,2,3,15,8,0,Low
Maharashtra,Nagpur,"Maskasath, Itwari",166,RIRuO,98,2,17,3,2,2,5,2,0,Low
Maharashtra,Nagpur,"NEERI Lab, Nehru Marg",167,RIRuO,96,2,22,3,2,2,4,3,0,Low
Maharashtra,Nashik,R.T.O. Colony Tank,259,RIRuO,112,11,35,20,16,20,27,4,0,Low
Maharashtra,Nashik,"VIP Industrial Area, MIDC Satpura",269,RIRuO,113,13,38,23,19,23,28,4,0,Low
Maharashtra,Nashik,Nashik Municipal Council Building,280,RIRuO,111,11,33,21,16,20,26,4,0,Low
Maharashtra,Navi Mumbai,"T.B.I.A, Rabale , Airoli, TTC",491,RIRuO,102,8,63,23,11,23,33,9,0,Low
Maharashtra,Navi Mumbai,"Dr. D.Y. Patil College, Nerul, TTC",492,RIRuO,104,7,22,14,8,13,19,4,0,Low
Maharashtra,Navi Mumbai,"MPCB Central Lab, Mhape",493,RIRuO,96,8,49,22,10,22,33,9,0,Low
Maharashtra,Navi Mumbai,CIDCO Nodal Office Kharghar,494,RIRuO,105,6,43,15,9,13,21,6,0,Low
Maharashtra,Navi Mumbai,"Panvel Residential Area, Taloja",495,RIRuO,96,5,30,15,9,15,22,5,0,Low
Maharashtra,Navi Mumbai,MIDC Collom Faciolity Building,496,RIRuO,99,8,74,30,16,29,44,11,0,Moderate
Maharashtra,Pune,"Maratha Chamber of commerce, Bhosari",312,RIRuO,104,11,195,40,15,31,74,28,10,Moderate
Maharashtra,Pune,State Electricity Board BLDG Nalstop,379,RIRuO,104,10,45,23,13,21,38,9,0,Low
Maharashtra,Pune,Swargate Police Chawki,381,RIRuO,104,10,49,23,13,21,37,9,0,Low
Maharashtra,Roha,Roha Industrial Association office,572,RIRuO,64,9,29,16,12,15,23,4,0,Low
Maharashtra,Roha,Filter House of MIDC Water works,573,RIRuO,61,9,27,17,11,17,23,4,0,Low
Maharashtra,Sangli,"Udyog bhavan / SRO, MPCB Sangli",574,RIRuO,105,8,20,13,9,13,16,3,0,Low
Maharashtra,Sangli,Sangli- Miraj Primary school Building,575,RIRuO,104,7,24,14,9,15,18,4,0,Low
Maharashtra,Sangli,Krishna Valley School,576,RIRuO,104,8,24,14,10,14,20,4,0,Low
Maharashtra,Solapur,WIT Campus,299,RIRuO,106,13,19,17,15,16,18,1,0,Low
Maharashtra,Solapur,Voronoko School / Chitale Clinic,300,RIRuO,107,13,20,17,15,17,19,1,0,Low
Maharashtra,Thane,"Maternity Hospital,Dhobighat,Kopri",303,RIRuO,122,7,16,12,10,13,15,2,0,Low
Maharashtra,Thane,"Terrace of Shahu Market,Naupada",304,RIRuO,108,10,20,16,14,16,19,2,0,Low
Maharashtra,Thane,"Kolshet and Balkum, Thane West",305,RIRuO,36,10,16,13,11,13,15,2,0,Null
Maharashtra,Ulhasnagar,Smt. C. H. M. College Campus,647,RIRuO,99,4,85,30,15,26,47,13,1,Moderate
Maharashtra,Ulhasnagar,Octroi Naka,648,RIRuO,94,5,132,32,14,27,47,21,4,Moderate
Meghalaya,Byrnihat,"EPIP, Ri-Bhoi district",568,RIRuO,Null,Null,Null,Null,Null,Null,Null,Null,Null,Null
Meghalaya,Dawki,"Terrace building, Jaintia Hills District",588,RIRuO,68,2,8,2,2,2,2,1,0,Low
Meghalaya,Tura,"Office building of Add Chief Engineer, Garo HillsDistrict",608,RIRuO,34,2,2,2,2,2,2,Null,0,Null
Meghalaya,Shillong,State Tuberculosis Hospital,340,ES (Hill station),79,2,18,3,2,2,2,3,0,Low
Meghalaya,Shillong,"Boards Office Permises, Lumpyngngad",120,ES (Hill station),54,2,2,2,2,2,2,Null,0,Low
Mizoram,Aizawl,"Khatla, M.G-Road, Mizoram SPCB",450,ES (Hill station),104,2,2,2,2,2,2,Null,0,Low
Mizoram,Aizawl,"Laipuitlang, Residence of Chairman, MPCB",451,ES (Hill station),104,2,2,2,2,2,2,Null,0,Low
Mizoram,Aizawl,"Bawngkawn , Roof Top of Mr.K.L. Berema’s residence",452,ES (Hill station),104,2,2,2,2,2,2,Null,0,Low
Nagaland,Dimapur,Bank Colony,317,RIRuO,93,2,2,2,2,2,2,Null,0,Low
Nagaland,Dimapur,Dhobinala,448,RIRuO,93,2,2,2,2,2,2,Null,0,Low
Nagaland,Kohima,Opposite NST Office,609,ES (Hill station),51,2,2,2,2,2,2,Null,0,Low
Nagaland,Kohima,Opposite War Cemetery,610,ES (Hill station),42,2,2,2,2,2,2,Null,0,Null
Orissa,Angul,Industrial Estate,70,RIRuO,103,4,8,6,5,6,7,1,0,Low
Orissa,Angul,NALCO Township,231,RIRuO,100,6,21,8,6,7,9,2,0,Low
Orissa,Balasore,Sahadevkhunta,428,RIRuO,100,2,2,2,2,2,2,Null,0,Low
Orissa,Berhampur,Regional Office Orissa SPCB,429,RIRuO,95,2,2,2,2,2,2,Null,0,Low
Orissa,Bhubneshwar,Capital Police Station,424,RIRuO,105,2,2,2,2,2,2,Null,0,Low
Orissa,Bhubneshwar,IRC Village,423,RIRuO,98,2,2,2,2,2,2,Null,0,Low
Orissa,Bhubneshwar,SPCB Building,322,RIRuO,113,2,2,2,2,2,2,Null,0,Low
Orissa,Cuttack,"Roof of Traffic Tower, Badambadi",426,RIRuO,105,2,6,2,2,2,3,1,0,Low
Orissa,Cuttack,"R.O. Cuttack Office, Surya Vihar",425,RIRuO,45,2,4,2,2,2,2,Null,0,Null
Orissa,Rayagada,Regional Office Orissa SPCB,428,RIRuO,103,2,3,2,2,2,2,Null,0,Low
Orissa,Rayagada,"LPS High School, Jaykaypur",229,RIRuO,103,2,4,2,2,2,3,Null,0,Low
Orissa,Rourkela,"Regional Office, ORPB",370,RIRuO,94,4,6,5,5,5,6,Null,0,Low
Orissa,Rourkela,"IDL Police Out-post, Sonaparbat",227,RIRuO,104,4,7,5,4,5,6,1,0,Low
Orissa,Sambalpur,"Filter Plant, PHD Office, Modipara",427,RIRuO,84,2,5,3,2,4,4,1,0,Low
Orissa,Talcher,Coal Field Area / MCL AREA,471,RIRuO,66,8,44,14,12,14,15,4,0,Low
Orissa,Talcher,T.T.P.S.Colony,68,RIRuO,103,4,18,10,8,10,12,2,0,Low
Punjab,Amritsar,"R.O. Focal Point, Amritsar",487,RIRuO,53,12,18,14,13,14,16,1,0,Low
Punjab,Amritsar,"A-1,Platers, Amritsar / VMC",486,RIRuO,57,11,16,14,12,14,15,1,0,Low
Punjab,Bhatinda,"Ms Milk Plant, Ropar",506,RIRuO,96,5,18,9,7,9,12,2,0,Low
Punjab,Dera Bassi,M/s Punjab Chemicals & Crop Protection Ltd,504,RIRuO,128,6,18,10,8,10,14,3,0,Low
Punjab,Dera Bassi,"M/s Winsome Yarns Ltd., Barwala Road, Dera- bassi",505,RIRuO,138,5,15,10,7,10,13,2,0,Low
Punjab,Pathankot/,C-PYTE Building at Dera Baba Nanak,590,RIRuO,56,4,11,7,5,7,8,1,0,Low
Punjab,Gobindgarh,M/s Modi Oil and General Mills,302,RIRuO,107,10,28,17,12,17,21,3,0,Low
Punjab,Gobindgarh,M/s Raj Steel Rolling Mills,301,RIRuO,121,11,31,18,14,17,25,4,0,Low
Punjab,Gobindgarh,"United Rolling Mills, Mandi Gobindgarh",483,RIRuO,96,10,32,18,14,17,23,4,0,Low
Punjab,Jalandar,Municipal Council Tubewell,353,RIRuO,25,10,12,11,10,11,12,1,0,Null
Punjab,Khanna,"Markfed Vanaspati, Khanna",485,RIRuO,123,5,17,9,7,9,12,2,0,Low
Punjab,Khanna,"AS School, Khanna",484,RIRuO,134,5,13,9,6,9,11,2,0,Low
Punjab,Ludhiana,Bharat Nagar Chowk,422,RIRuO,24,7,10,9,7,9,9,1,0,Null
Punjab,Ludhiana,"Nahar Spining Mlls, Dholewal Chawk",76,RIRuO,115,5,19,10,6,10,14,3,0,Low
Punjab,Ludhiana,"Milk plant, Ferozpur Road",61,RIRuO,131,5,14,9,6,9,11,2,0,Low
Punjab,Ludhiana,Vishavkarma Chowk,335,RIRuO,126,5,17,9,6,10,13,2,0,Low
Punjab,Naya Nangal,M/s Punjab Alkalis & Chemicals Ltd.,420,RIRuO,111,5,13,7,6,7,8,1,0,Low
Punjab,Naya Nangal,M/s NFL Guest House,421,RIRuO,104,5,9,7,6,6,8,1,0,Low
Punjab,Patiala,Ceylon Industries,600,RIRuO,126,3,14,7,4,7,10,2,0,Low
Punjab,Patiala,"Fire Brigade Station, Bahera Road,",599,RIRuO,119,4,12,6,5,6,8,1,0,Low
Puducherry,Puducherry,"DSTC Office Upstairs, AnnaNagar",64,RIRuO,90,3,9,6,4,6,8,1,0,Low
Puducherry,Puducherry,PIPDIC Ind. Estate Mettupalayam,93,RIRuO,82,4,10,6,4,7,8,2,0,Low
Puducherry,Puducherry,Chamber Of Commerce,337,RIRuO,83,2,9,5,3,5,8,2,0,Low
Rajasthan,Alwar,"Regional Office, Rajasthan SPCB",372,ES (Aravali range),79,4,14,7,4,7,9,2,0,Low
Rajasthan,Alwar,Gaurav Solvex Ltd. MIA,373,ES (Aravali range),75,4,24,9,4,8,14,4,0,Low
Rajasthan,Alwar,"RIICO Pump House, MIA",219,ES (Aravali range),72,4,24,8,4,7,13,4,0,Low
Rajasthan,Jaipur,Ajmeri Gate,296,RIRuO,1,5,37,6,5,6,6,3,0,Null
Rajasthan,Jaipur,"RJPB Office,Jhalana Doongari",298,RIRuO,110,2,6,5,5,5,6,1,0,Low
Rajasthan,Jaipur,"Office of District Education Officer, Chandpole",408,RIRuO,94,4,10,6,5,6,7,1,0,Low
Rajasthan,Jaipur,"RIICO Office, M.I.A.",410,RIRuO,102,4,7,6,5,5,6,Null,0,Low
Rajasthan,Jaipur,"Regional Office (North), RSPCB, Vidyadhar Nagar",409,RIRuO,109,5,11,6,5,6,7,1,0,Low
Rajasthan,Jaipur,VKIA,297,RIRuO,114,5,11,6,5,6,7,1,0,Low
Rajasthan,Jodhpur,"DIC Office, Industrial Estate",413,RIRuO,96,4,12,6,5,6,7,1,0,Low
Rajasthan,Jodhpur,Sojati Gate,273,RIRuO,103,4,15,6,5,6,7,1,0,Low
Rajasthan,Jodhpur,"Basni Industrial Area, RIICO Office",274,RIRuO,97,3,25,7,5,6,8,3,0,Low
Rajasthan,Jodhpur,Maha Mandir Police Thane,376,RIRuO,99,4,11,5,5,5,5,1,0,Low
Rajasthan,Jodhpur,"Office of Housing Board, Chopasani Road",411,RIRuO,98,4,15,5,5,5,5,1,0,Low
Rajasthan,Jodhpur,Shastri Nagar Police Thana,412,RIRuO,102,4,12,6,5,6,6,1,0,Low
Rajasthan,Kota,"Regional Office, RJPB, Anantpura",17,RIRuO,102,9,20,13,10,13,15,2,0,Low
Rajasthan,Kota,Municipal Corporation Building,326,RIRuO,101,7,16,12,9,12,14,2,0,Low
Rajasthan,Kota,Samcore Glass Ltd.,325,RIRuO,103,5,20,6,5,6,8,2,0,Low
Rajasthan,Udaipur,Ambamata,320,RIRuO,92,4,7,5,5,5,6,1,0,Low
Rajasthan,Udaipur,Town Hall,294,RIRuO,96,4,7,6,5,6,7,1,0,Low
Rajasthan,Udaipur,"Regional Office,MIA",321,RIRuO,86,5,128,7,5,6,7,13,1,Low
Tamilnadu,Chennai,"Kathivakkam, Municipal Kalyana Mandapam",38,RIRuO,100,9,17,11,9,11,14,2,0,Low
Tamilnadu,Chennai,"Govt. High School, Manali",71,RIRuO,102,9,16,11,9,11,14,2,0,Low
Tamilnadu,Chennai,Thiruvottiyur,72,RIRuO,93,9,26,13,10,12,15,2,0,Low
Tamilnadu,Chennai,Madras Medical College,159,RIRuO,93,2,25,6,2,6,11,4,0,Low
Tamilnadu,Chennai,"NEERI, CSIR Campus",160,RIRuO,95,2,20,5,2,4,8,3,0,Low
Tamilnadu,Chennai,Thiruvottiyur Municipal Office,161,RIRuO,94,2,22,6,3,5,11,4,0,Low
Tamilnadu,Coimbatore,"Poniarajapuram, On the top of DEL",371,RIRuO,50,4,8,5,4,4,6,1,0,Low
Tamilnadu,Coimbatore,G.D.Matric Hr.Sec.School,238,RIRuO,93,4,49,5,4,4,7,5,0,Low
Tamilnadu,Coimbatore,SIDCO Office Kurichi,237,RIRuO,85,4,43,6,4,4,6,7,0,Low
Tamilnadu,Madurai,Highway (Project -I) Building,306,RIRuO,102,6,16,10,8,10,13,2,0,Low
Tamilnadu,Madurai,Fenner (I) Ltd. Susee Cars & Trucks,307,RIRuO,92,7,19,11,8,11,14,2,0,Low
Tamilnadu,Madurai,Kunnathur Chatram Girls HS School,308,RIRuO,94,7,15,11,8,11,13,2,0,Low
Tamilnadu,Salem,Sowdeswari College Building,309,RIRuO,96,6,12,8,7,8,10,1,0,Low
Tamilnadu,Tuticorin,Fisheries College,239,RIRuO,98,4,36,13,6,11,19,6,0,Low
Tamilnadu,Tuticorin,Raja Agencies,240,RIRuO,86,4,56,11,5,10,17,7,0,Low
Uttar Pradesh,Agra,"Regional Office, Bodla",323,ES (Taj-trapezium),80,7,12,9,1,8,9,11,0,Low
Uttar Pradesh,Agra,Nunhai,324,ES (Taj-trapezium),79,7,13,10,1,8,10,11,0,Low
Uttar Pradesh,Agra,Taj Mahal,1,ES (Taj-trapezium),286,2,18,3,2,2,7,3,0,Moderate
Uttar Pradesh,Agra,DIC Nunhai,415,ES (Taj-trapezium),131,2,18,4,2,2,7,3,0,Moderate
Uttar Pradesh,Agra,Etmad-uddaulah,416,ES (Taj-trapezium),123,2,11,3,2,2,6,2,0,Moderate
Uttar Pradesh,Agra,Rambagh,417,ES (Taj-trapezium),116,2,20,3,2,2,5,2,0,Moderate
Uttar Pradesh,Allahabad,Square crossing circle of Laxmi Talkies,554,RIRuO,105,2,29,5,3,2,3,8,0,Low
Uttar Pradesh,Allahabad,Bharat Yantra Nigam Ltd,555,RIRuO,105,1,40,4,4,2,3,7,0,Low
Uttar Pradesh,Anpara,"Anpara Colony, Sonabhadra",6,RIRuO,104,13,20,17,1,16,17,18,0,Low
Uttar Pradesh,Anpara,"Renusagar Colony, Sonabhadra",7,RIRuO,87,11,19,17,1,16,17,18,0,Low
Uttar Pradesh,Ferozabad,Center for Development of Glass Industry ( CDGI),399,ES (Taj-trapezium),104,8,32,17,5,10,18,23,0,Moderate
Uttar Pradesh,Ferozabad,Tilak Nagar,400,ES (Taj-trapezium),103,7,24,16,5,9,16,22,0,Moderate
Uttar Pradesh,Ferozabad,Raza ka Tal,401,ES (Taj-trapezium),101,7,25,15,6,8,16,21,0,Moderate
Uttar Pradesh,Gajraula,"Raunaq Auto Ltd, J.P. Nagar",140,RIRuO,88,11,27,18,13,17,23,4,0,Low
Uttar Pradesh,Gajraula,"Indira Chowk, J.P. Nagar",139,RIRuO,71,9,22,15,11,14,18,3,0,Low
Uttar Pradesh,Ghaziabad,"M/s Atlas Cycles Industries Ltd, SahibabadIndustrial Area",258,RIRuO,97,25,39,31,27,31,35,3,0,Moderate
Uttar Pradesh,Ghaziabad,Bulandshaar Road Industrial Area,369,RIRuO,88,17,35,30,24,31,34,4,0,Moderate
Uttar Pradesh,Jhansi,Jail Chauraha,517,RIRuO,120,6,16,9,7,9,11,10,0,Low
Uttar Pradesh,Jhansi,Veeranga Nagar,518,RIRuO,120,5,13,8,7,8,9,1,0,Low
Uttar Pradesh,Kanpur,"Forest & Training Centre, Kidwai Nagar",212,RIRuO,98,4,12,7,6,7,9,1,0,Low
Uttar Pradesh,Kanpur,"Chamber Of Commerce, Darshanpurwa",98,RIRuO,81,5,12,7,6,7,9,1,0,Low
Uttar Pradesh,Kanpur,Fazalganj,86,RIRuO,80,6,10,8,7,8,10,1,0,Low
Uttar Pradesh,Kanpur,Dabauli,391,RIRuO,71,6,10,8,6,8,9,1,0,Low
Uttar Pradesh,Kanpur,"Awas Vikas, Jajmau",395,RIRuO,89,5,9,7,6,7,8,1,0,Low
Uttar Pradesh,Khurja,Central Glass & Ceramic Research Institute,534,RIRuO,58,24,42,33,28,33,38,4,0,Moderate
Uttar Pradesh,Khurja,Ahirpara,535,RIRuO,58,19,38,25,21,24,33,5,0,Low
Uttar Pradesh,Lucknow,Mahanagar,377,RIRuO,75,6,9,8,7,8,9,1,0,Low
Uttar Pradesh,Lucknow,"Chandganj Garden, Aliganj",398,RIRuO,109,5,10,8,7,8,9,1,0,Low
Uttar Pradesh,Lucknow,"Kapoor Hotel, Hazratganj",109,RIRuO,82,7,13,8,7,8,9,1,0,Low
Uttar Pradesh,Lucknow,Talkatora,113,RIRuO,81,7,10,9,8,9,10,1,0,Low
Uttar Pradesh,Lucknow,"S.M.K Chowk, Aminabad",397,RIRuO,103,6,28,8,7,8,9,2,0,Low
Uttar Pradesh,Meerut,Begum Bridge,550,RIRuO,67,5,15,9,5,9,12,3,0,Low
Uttar Pradesh,Meerut,"Thana Railway Road, Kesarganj",551,RIRuO,40,3,12,6,4,5,10,3,0,Null
Uttar Pradesh,Muradabad,Budh Bazar,,RIRuO,28,3,58,13,4,9,23,12,0,Null
Uttar Pradesh,Muradabad,PTC,,RIRuO,30,2,46,10,4,8,18,9,0,Null
Uttar Pradesh,Noida,"Regional Office, UP PCB",403,RIRuO,95,4,30,11,7,12,14,3,0,Low
Uttar Pradesh,Noida,Gee-Pee Electroplating and Engineering Work,378,RIRuO,96,4,21,11,7,12,14,3,0,Low
Uttar Pradesh,Varanasi,"Regional Office, Jawahar Nagar",362,RIRuO,82,16,18,17,17,17,18,Null,0,Low
Uttar Pradesh,Varanasi,Sigra,553,RIRuO,79,17,20,18,17,18,18,Null,0,Low
Uttarakhand,Dehradun,"Raipur Road, Near parag Diary",90,ES (Doon valley),18,22,31,27,22,27,29,3,0,Null
Uttarakhand,Dehradun,"Clock Tower, PWD Guest House",89,ES (Doon valley),32,25,33,29,27,30,32,2,0,Null
Uttarakhand,Dehradun,Himalaya Drug Co. Near ISBT,637,ES (Doon valley),Null,Null,Null,Null,Null,Null,Null,Null,Null,Null
Uttarakhand,Haldwani,Govt. Women Hospital,625,RIRuO,Null,Null,Null,Null,Null,Null,Null,Null,Null,Null
Uttarakhand,Haridwar,"SIDCUL, Haridwar",635,RIRuO,Null,Null,Null,Null,Null,Null,Null,Null,Null,Null
Uttarakhand,Kashipur,"BSNL Office, Kashipur",627,RIRuO,Null,Null,Null,Null,Null,Null,Null,Null,Null,Null
Uttarakhand,Rishikesh,Nagar Palika Parishad,636,ES (Hill station),Null,Null,Null,Null,Null,Null,Null,Null,Null,Null
West Bengal,Asansol,Asansol Municipal Corporation,386,RIRuO,105,5,13,8,7,8,10,1,0,Low
West Bengal,Asansol,"Kangsabati Spinning Mill, Barjora",593,RIRuO,105,5,12,8,7,12,10,1,0,Low
West Bengal,Asansol,"Burnpur Town Department, Burnpur",592,RIRuO,105,4,12,8,6,8,9,1,0,Low
West Bengal,Barrackpore,Barrackpore Municiaplity,655,RIRuO,102,5,20,9,6,9,13,3,0,Low
West Bengal,Barrackpore,Dum Dum Telephone Exchange,653,RIRuO,101,6,25,11,7,11,16,4,0,Low
West Bengal,Barrackpore,Khardah Municipality,654,RIRuO,102,7,29,14,8,13,22,5,0,Low
West Bengal,Durgapur,"DMC Water Works, Angadpur",591,RIRuO,105,5,11,8,6,8,9,1,0,Low
West Bengal,Durgapur,"Kwality Hotel, Bhiringi More, Benachiti",384,RIRuO,105,6,11,8,7,8,10,1,0,Low
West Bengal,Durgapur,"Bidhannagar, PCBL Club, Muchipara",385,RIRuO,105,5,13,7,6,7,8,9,0,Low
West Bengal,Durgapur,"Dew India Limited, PCBL More, Durgapur",383,RIRuO,105,6,13,9,8,9,11,1,0,Low
West Bengal,Haldia,"Bhabanipur, Debhog Milan Viyapith",663,RIRuO,108,10,23,15,12,14,18,3,0,Low
West Bengal,Haldia,"Driver's Hut of M/s. MCC PTA, Bhunia Raichak",664,RIRuO,108,9,20,13,11,13,16,2,0,Low
West Bengal,Haldia,"Supermarket Building, Durgachak",15,RIRuO,108,8,20,13,10,13,15,2,0,Low
West Bengal,Haldia,WBIIDC Durgachak,14,RIRuO,108,10,21,15,11,15,19,3,0,Low
West Bengal,Howrah,Howrah Municipal Corporation Building,8,RIRuO,103,6,26,12,8,12,18,4,0,Low
West Bengal,Howrah,"Naskarpara Pump House, Ghuseri",10,RIRuO,103,6,24,12,7,11,18,5,0,Low
West Bengal,Howrah,"CDS & Health Centre, Bator",11,RIRuO,103,5,20,9,6,8,12,3,0,Low
West Bengal,Howrah,"Howrah Municipality School, Bandhaghat",9,RIRuO,103,7,27,15,9,13,22,5,0,Low
West Bengal,Kolkata,"Salt Lake, Rooftop of CK Market",474,RIRuO,103,4,17,8,5,7,11,3,0,Low
West Bengal,Kolkata,"Moulali, Rooftop of KMC office Building",473,RIRuO,104,5,19,9,6,9,14,3,0,Low
West Bengal,Kolkata,"Minto Park, Inside Park AJC Bose Road",475,RIRuO,102,4,14,8,5,7,11,2,0,Low
West Bengal,Kolkata,"Dunlop Bridge, National Sample Survey Building",472,RIRuO,102,4,15,8,6,8,12,3,0,Low
West Bengal,Kolkata,"Behala Chowrasta, Traffic Guard Building",476,RIRuO,103,4,20,9,5,8,13,3,0,Low
West Bengal,Kolkata,"Baishnabghata, Upanagari Sporting Club",477,RIRuO,101,4,11,6,4,6,9,2,0,Low
West Bengal,Kolkata,"Cossipore Police Station, B.T. Road",162,RIRuO,96,2,132,22,2,18,43,21,1,Low
West Bengal,Kolkata,"Lal-Bazar, Dalhousie Square",163,RIRuO,96,2,107,16,2,13,29,15,1,Low
West Bengal,Kolkata,Kasba,348,RIRuO,96,2,106,14,2,12,26,14,1,Low
West Bengal,Raniganj,Raniganj Municipality,662,RIRuO,105,6,13,9,7,9,11,1,0,Low
West Bengal,Raniganj,"Mangalpur, SKS School Mangalpur",660,RIRuO,105,5,10,8,7,8,9,1,0,Low
West Bengal,Raniganj,Jamuria Municipality,661,RIRuO,105,6,11,8,7,8,10,1,0,Low
West Bengal,Sankrail,Bharat Co-operative Housing Society,657,RIRuO,104,5,19,9,6,9,13,3,0,Low
West Bengal,Sankrail,"Bagan Police Station, Bagan",659,RIRuO,104,5,27,12,7,11,20,5,0,Low
West Bengal,Sankrail,Dhulagar Gram Pachayat,656,RIRuO,104,5,22,11,7,11,18,4,0,Low
West Bengal,Sankrail,"P Mukherjee's House, Near SBI Amta",658,RIRuO,104,4,14,7,5,6,8,2,0,Low
West Bengal,South Suburban,"Chanditala Water Supply Pump House, Tol- lygunge",652,RIRuO,102,4,13,7,5,7,11,3,0,Low
West Bengal,South Suburban,"Bauipur Police Station, Baruipur",650,RIRuO,105,4,11,6,4,6,9,2,0,Low
West Bengal,South Suburban,"P Roy Industrial Training Institute, Amtala",651,RIRuO,103,4,13,7,4,7,10,2,0,Low
